{"mean": 33.318421449829934, "std": 78.56748998339798}